{
    "root_group": {
        "name": "",
        "path": "",
        "id": "d41d8cd98f00b204e9800998ecf8427e",
        "groups": {},
        "checks": {
                "status 200 or 202": {
                    "name": "status 200 or 202",
                    "path": "::status 200 or 202",
                    "id": "a0acc92c9b64b834352e2ac37820b62f",
                    "passes": 211,
                    "fails": 0
                }
            }
    },
    "metrics": {
        "checks": {
            "fails": 0,
            "passes": 211,
            "value": 1
        },
        "http_req_blocked": {
            "avg": 0.012414379146919426,
            "min": 0.001533,
            "med": 0.006252,
            "max": 0.274595,
            "p(90)": 0.007795,
            "p(95)": 0.0164505
        },
        "vus": {
            "value": 5,
            "min": 5,
            "max": 5
        },
        "iteration_duration": {
            "avg": 1434.7109694691947,
            "min": 1144.737065,
            "med": 1220.639551,
            "max": 3574.44244,
            "p(90)": 1737.496827,
            "p(95)": 1777.827362
        },
        "http_req_tls_handshaking": {
            "max": 0,
            "p(90)": 0,
            "p(95)": 0,
            "avg": 0,
            "min": 0,
            "med": 0
        },
        "data_sent": {
            "count": 24265,
            "rate": 397.9658928619311
        },
        "http_reqs": {
            "count": 211,
            "rate": 3.4605729814080965
        },
        "http_req_sending": {
            "avg": 0.022824540284360203,
            "min": 0.004929,
            "med": 0.020729,
            "max": 0.104757,
            "p(90)": 0.027722,
            "p(95)": 0.037309999999999996
        },
        "iterations": {
            "count": 211,
            "rate": 3.4605729814080965
        },
        "http_req_duration{expected_response:true}": {
            "avg": 433.92026032701455,
            "min": 143.746225,
            "med": 219.660145,
            "max": 2572.636273,
            "p(90)": 736.647515,
            "p(95)": 776.5955074999999
        },
        "data_received": {
            "count": 12919760,
            "rate": 211894.65584017566
        },
        "http_req_connecting": {
            "avg": 0.0034315450236966825,
            "min": 0,
            "med": 0,
            "max": 0.178935,
            "p(90)": 0,
            "p(95)": 0
        },
        "http_req_failed": {
            "passes": 0,
            "fails": 211,
            "value": 0
        },
        "http_req_duration": {
            "avg": 433.92026032701455,
            "min": 143.746225,
            "med": 219.660145,
            "max": 2572.636273,
            "p(90)": 736.647515,
            "p(95)": 776.5955074999999
        },
        "http_req_waiting": {
            "avg": 433.50910106161166,
            "min": 143.502669,
            "med": 219.388517,
            "max": 2571.82358,
            "p(90)": 736.179498,
            "p(95)": 775.4612275
        },
        "http_req_receiving": {
            "med": 0.271439,
            "max": 1.535357,
            "p(90)": 0.726732,
            "p(95)": 0.8368184999999999,
            "avg": 0.38833472511848327,
            "min": 0.101521
        },
        "vus_max": {
            "min": 5,
            "max": 5,
            "value": 5
        }
    }
}