{
    "metrics": {
        "vus_max": {
            "value": 10,
            "min": 10,
            "max": 10
        },
        "http_req_receiving": {
            "p(90)": 0.17650100000000002,
            "p(95)": 0.1945945,
            "avg": 0.13642314675767916,
            "min": 0.025578,
            "med": 0.13177149999999999,
            "max": 0.301615
        },
        "http_reqs": {
            "count": 586,
            "rate": 9.605761246832898
        },
        "vus": {
            "value": 1,
            "min": 1,
            "max": 10
        },
        "http_req_duration{expected_response:true}": {
            "p(95)": 69.798651,
            "avg": 31.849146172354967,
            "min": 18.232227,
            "med": 25.0171575,
            "max": 141.758142,
            "p(90)": 44.477716
        },
        "http_req_connecting": {
            "max": 0.775664,
            "p(90)": 0,
            "p(95)": 0,
            "avg": 0.00524758532423208,
            "min": 0,
            "med": 0
        },
        "iterations": {
            "count": 586,
            "rate": 9.605761246832898
        },
        "http_req_blocked": {
            "avg": 0.016839660409556326,
            "min": 0.002375,
            "med": 0.00543,
            "max": 1.195711,
            "p(90)": 0.006908,
            "p(95)": 0.0078725
        },
        "http_req_failed": {
            "passes": 0,
            "fails": 586,
            "value": 0
        },
        "checks": {
            "passes": 586,
            "fails": 0,
            "value": 1
        },
        "iteration_duration": {
            "p(90)": 1044.88543,
            "p(95)": 1070.74379525,
            "avg": 1032.6570635034125,
            "min": 1018.48189,
            "med": 1025.925738,
            "max": 1144.247219
        },
        "http_req_sending": {
            "med": 0.145202,
            "max": 1.24334,
            "p(90)": 0.2029555,
            "p(95)": 0.228554,
            "avg": 0.1588557918088738,
            "min": 0.078818
        },
        "http_req_waiting": {
            "avg": 31.55386723378841,
            "min": 17.961991,
            "med": 24.7140495,
            "max": 141.519585,
            "p(90)": 44.220514,
            "p(95)": 69.54160925
        },
        "data_sent": {
            "count": 67194862,
            "rate": 1101463.824890588
        },
        "http_req_tls_handshaking": {
            "p(95)": 0,
            "avg": 0,
            "min": 0,
            "med": 0,
            "max": 0,
            "p(90)": 0
        },
        "http_req_duration": {
            "avg": 31.849146172354967,
            "min": 18.232227,
            "med": 25.0171575,
            "max": 141.758142,
            "p(90)": 44.477716,
            "p(95)": 69.798651
        },
        "data_received": {
            "count": 605924,
            "rate": 9932.357129225216
        }
    },
    "root_group": {
        "name": "",
        "path": "",
        "id": "d41d8cd98f00b204e9800998ecf8427e",
        "groups": {},
        "checks": {
                "status 200": {
                    "name": "status 200",
                    "path": "::status 200",
                    "id": "fad9fa412b86fcb03bee97c80dcd61f1",
                    "passes": 586,
                    "fails": 0
                }
            }
    }
}